Id,class_0,class_1
00eed32682bb,0.9572702083625859,0.04272979163741414
010ebe33f668,0.9572702083625859,0.04272979163741414
02fa521e1838,0.9572702083625859,0.04272979163741414
040e15f562a2,0.9572702083625859,0.04272979163741414
046e85c7cc7f,0.9572702083625859,0.04272979163741414
